Metric,Value
MAE,27.55006097253716
RMSE,177.29022559903697
R2_Score,0.6510533511234229
MAPE (%),108.0333476057772
